method,category,num_subjects,num_errors,success_rate,precision_mean,recall_mean,time_ms_mean,time_ms_stdev
panini,straight,89,6,0.9325842696629213,1.0,1.0,149.57303370786516,253.7942924908267
panini,cond,51,0,1.0,1.0,0.9803921568627451,108.92156862745098,86.59811617749081
panini,loop,64,13,0.796875,1.0,0.7760189313708179,3836.8125,9588.22643261077
stalagmite,straight,89,0,1.0,0.21099904990085921,0.4483051448846836,90358.49438202247,315514.63004683907
stalagmite,cond,51,1,0.9803921568627451,0.5617833578431373,0.6827183333333333,28150.156862745098,40427.7491420794
stalagmite,loop,64,11,0.828125,0.5394157364528982,0.6638732036618904,90220.75,239978.99135675016
